userid,name
478325190,h_zia90
478326693,farraginousGJ
478328430,rcti_
478330688,Cassi3pen
478337499,BURIHAMA7
478341293,tentacleX2
478343723,azahraayu10
478351292,shmel577
478357022,SAROJ_SUWALKA
478357283,
478363627,yukarinn000
478365362,dong8532
478371279,LuqiAhmed
478376079,shahiranbok
478379488,
478381326,
478381597,
478382745,Rgyanesh
478388736,51sameer
478393280,270187santa
478393318,Diabour1
478397193,CecmpaSister
478399328,adayui
478401839,
478405139,DougieFresh2234
478411111,kova4ki
478411920,szabojoli1
478415272,tutalebash
478415656,
478416448,tyoanakmenteng
478416470,KuzAnat1960
478418072,
478423931,sliqdude2000
478427447,
478432945,
478433777,AmirVanThonang
478436066,anvarrizii
478440090,
478440894,
478445684,MSouza8414
478449200,baskehaha
478450075,LaXpen
478450608,legardien7
478451954,2AM_lover
478452645,
478455387,MysykaRu
478455949,_Yogi_Reddy_
478461268,
478465595,ttb_nc
478465837,
478466309,perihankaya5
478466366,PsychCORNER
478468877,Hilalnajar
478470236,
478473602,thragy
478474961,ziynepsude
478475688,ellabrettellego
478477289,
478478274,ugurcanparsak
478478548,
478482302,
478488899,LauraCarrozzi
478489513,Sallu_FATHER0
478489902,jabir999
478490336,Neuberg23
478496428,FastonBar
478499395,cr7_odhie
478502897,AndreylebedevA
478516451,JayAndrade10
478518995,matheuzinhotima
478519611,giancarlopodes1
478521724,
478522568,alisonvarah
478525864,yantifitri92
478527678,eltsuheivaan
478528514,aslk_rjt
478551974,
478553662,susanamartinser
478559616,
478568413,emmabitola
478578179,
478582560,charinaamodia
478584384,ritakadatar
478584503,boseanushka21
478588668,Cunamist
478589752,massimocammerto
478592965,kei_s_s_s
478598065,jawed08
478598927,
478600900,Anyutka_Zaya
478601204,enya56121
478602904,jojorori
478604840,
478609916,janset_y
478610789,
478613242,
478615437,armzaja3
478619047,Emmiska
478621927,roderickgomez2
478626735,onnurikr
478628922,gemmamid
478631120,oshjw
478633174,fulloanna
478637615,fairygirl941
478640473,
478643035,PranshuPandey2
478645171,angel_walters
478648863,Mgnarahari
478651758,rosalinda53ovj
478655692,kanon_0329
478661417,luthfanJROCKSTA
478662282,cherkabhagwands
478672339,schioppa81
478677107,playas3xyx
478677986,
478678139,flavius_tanase
478681960,MaricaKondra
478683870,
478684701,GwendolynSchol1
478685720,emfeb2
478691252,Pioner_102
478694676,
478695735,Juanjopp96
478701323,
478706726,HindElhaddaoui
478712612,OpenGuests
478717922,
478718189,VianaEriksson
478722958,aisyahshahizah
478724584,LauraEmilyKaton
478725607,mishanja85
478729821,Last_Nando
478738307,
478747918,leoflores28
478748795,mesariti_mel
478749970,MKhairune
478750511,glendabomfim1
478750875,VillageSkisBike
478751150,MontyRaikwar
478756732,gusttavete2
478759138,
478759273,stephenjackso28
478761420,_LuannaBueeno
478764835,empresariosald1
478772230,
478781681,ShivamDwivedi02
478784795,lotteke101
478785560,GelErika1991
478787132,Ireneenah
478793633,Reemi_An
478794786,Yards34
478797383,_ClubNOOK_
478804660,
478808531,a_20008
478811571,leidsche_elvis
478813405,carvind96
478824861,chakala5
478831667,Dat_Bicth_Nitra
478836247,flamengo1amor
478847862,
478852229,ramlalrajan1
478856494,kantoku77
478856724,MARIAPAULINA82
478857836,
478859943,jajii17
478862973,Frittz07
478862974,silvanagalian1
478863233,GiovanaCarval14
478864838,LetmeSmile4
478867085,lololwhutbish
478868523,OSCAR379379
478870320,
478871802,K_stylist3
478872858,drwknight
478874854,jeannemeyerwi
478874905,8066192424
478877237,NatyYacoubova
478879506,SandyIne
478880036,Isia_TVD
478883927,Marilyne13014
478889948,maggi_nadia
478892425,Border_Boyz
478894803,pedraelena
478896436,
478896584,miriankaroline3
478896745,pierro_pierrot
478897364,AteneaYo
478898446,BowdenTurner
478898868,CarlaDFpsi
478905444,martini_web
478907176,AdeleLatoni
478907504,123456677x
478911726,bickle_josh
478912537,
478912670,
478913431,VapeTool
478915101,cindy_battista
478919504,
478938486,LizethLnaHidlgo
478941573,ramirezfar
478948761,ErenMermeroglu
478949470,chemicalclub1
478949884,BrayanNathaly
478953111,FabrizioCostan6
478953479,jonny2tone35
478958855,mnellis126
478959037,mzwelin
478966773,ben4528
478966865,
478971101,
478972375,Maria_Dowling
478978324,HortonCheryl
478978396,HerculesIsaac
478978997,vaneayala2012
478989748,jessieaauss
478990911,nasser1880
478992361,
478995607,ComSimones
478999175,DiakaBa1
479006499,protossfacts
479007529,Azizbek10
479011047,conf_in_ua
479014339,cacamanuel
479020247,amacoralp86
479022637,deviilahmed
479026267,Imedou94
479027092,
479031856,zozoali59
479036884,
479039561,tucolino16
479041160,
479042351,jorgehernando8
479060769,alyzeh_k
479062602,
479064503,pwn3r91
479064716,1DVenezuelaZuli
479072504,pf2257
479074516,AmpPablo
479078215,
479082253,
479083216,albertimbal
479083734,1998Jaso
479087188,
479088881,SanchoMalverde2
479091178,1p1a1o
479091724,keaire13
479095220,kitteekitkit
479096075,Abbeymv0
479097134,IkeIfrancois
479097668,JJOrly
479105278,ooINFINITEo
479105355,fabioalmeidasil
479109892,aina_elis
479113782,keveschoicef
479119651,
479120643,
479128766,laugh_alex
479129066,nazmaalesha
479129956,JockStrapLuvr
479130153,JwitherV
479138596,
479147609,AnnePoitras
479151668,EduardoOrueta30
479153779,LeeJasonS
479155165,koveschultz1
479160629,LaluCasiqSedano
479164390,historianatwork
479165400,
479167727,AltaTowle5941
479171491,
479172740,
479173120,SsNaus
479179094,
479180691,LamineBenlabiad
479183712,_SoLtAnChIk_
479188944,soccerfanof18
479191696,suwannath
479193057,Tweetie11223
479198533,morganallen21
479207306,
479214921,edutosil
479215423,Scott_Eberle
479220046,Stracee74
479221775,apple282695002
479223186,
479226859,ThSchwarz1963
479227566,jessic3a
479228346,
479228581,perra36
479229791,ieyrasyamsul
479231191,kwefa45
479235148,
479237366,
479243665,JIXSONCHILLO
479255020,
479256864,Dianifadilah
479261164,
479262667,polezhaeva09
479264167,
479268309,yutsuzanne
479271651,wookham
479275138,
479275971,anepzakaria
479276058,JericaRijo8747
479276734,ImaGoluba7136
479281032,ShoaibUsmani1
479281717,abramarroyosanc
479284494,
479287207,salimalkalilli
479292946,e201e
479294568,jalbrektsen
479297908,WallaweiWan
479302319,
479302553,
479305588,
479306023,
479306040,
479323835,cookie_maddie
479328367,Kingysmissus
479342968,zAlkymista
479345280,
479348088,
479349459,dsap1120
479350636,JennieBoyes
479353524,amandacrome
479355992,jimmy5255jjmm
479357710,Bmj1965
479358426,mumohagawo
479359617,dielazahra1
479360420,Computermonste1
479364985,davanzotina
479365510,Youdhyzipper
479369465,Gunami2
479369583,answltn66
479373973,smurfpowers
479375582,amyharrystylesX
479375715,Upzz1
479376864,hueynewton_II
479377176,thdudqkr1998
479378041,
479379404,MirayNils
479384289,yurirafaelove
479388274,AmmarBawazir1
479396078,UKAsbestosKing
479399091,KobishEvgenia
479399291,TZ1983
479399547,0713mina
479401160,carlypink1
479401635,odon_isMe
479404804,
479404884,
479405286,RobDijkmans
479405870,gouravsharma92
479417317,
479419161,Ajacks2006
479423131,
479431689,
479438917,TnNLmThanh1
479442450,Sophiie1803
479442459,jenn_u87
479445744,newtonkeenan
479453567,
479454585,
479457022,simoefefe1972
479457227,crimeevil1
479459551,andre_zanzha
479462029,Jeevan11sharma
479466144,arbawya89
479467695,wessamaliraqi
479471304,rohayah19
479488008,Zaeemfarooq
479492933,albadrani2012
479494966,
479507648,
479507879,aburahman3
479518823,gran_doank
479520540,marianaciano
479522806,
479523754,alcidesvalza5
479526969,modcrafter
479531913,almowis305
479535252,912gg
479538361,Mager1970
479540299,FarmerHerly
479545088,Arnoud_Groot
479545873,
479548607,Laplaine_immo
479550877,peronnika
479551118,
479552653,aryexv
479552923,wellingtonernes
479558006,
479563197,kiiiirrrr
479567985,_awanhitam
479568229,beyoncecater1
479569626,
479570135,RicardoJCordoba
479571135,FA7AD2
479573582,ShockingButReal
479580305,RaniafouadALref
479582703,oxzxnxuxr
479589503,oupssie
479590030,rico_polim
479590833,r012_23
479592153,Mim008
479592915,miopinion_1981
479595920,AndrewFox24
479600061,Aleffmoreno
479608759,PLCKH
479611112,
479615394,aislinnblake
479615674,Lin____________
479620037,
479620274,ro_junio
479623118,
479626518,eda_akdi
479626727,Khaled_2012_
479627627,TuliioBarcellos
479628981,grace_h12_
479630403,gatitakiry
479634975,
479640802,dongkil4
479643760,
479647144,Cimbomluggs
479647239,NicoleDeeming
479647378,peasantbi
479647506,teknolojiuretim
479648396,KrisArchypel
479652620,OsamaLion2
479652939,LiKeAStaR14
479659275,BlaireMassey
479659610,DekoVolf
479663026,
479665818,barribeaugkbep9
479671666,RaymarFernandez
479674181,canavarMavi
479675560,jjinwon99
479679630,
479691315,roxatan2
479698682,rajaaryuan
479699249,RydhaGerrard
479700572,BelenIngles
479702170,suarez_castro
479711204,evelynmejiaorti
479712038,jhenineves
479712903,26emre266
479714334,CECAHELENAS
479716328,habfan62
479724561,
479726355,Dwinkles54
479726923,gemprik
479727708,Hector2000Reyes
479727873,nicoladiane2345
479730535,pwwpriscilla
479732605,RitaMuratore
479734919,Delagyzy
479738976,SHEN_IELLE
479744187,Rakeshsolution
479747691,CassandraLeleux
479748655,RGeladaki
479749108,
479752541,rima_7991
479754212,myzayn4ever
479759371,SalvoSavior21
479763521,goldalek
479765713,VEISHEA
479768340,nidatopalovic6g
479770456,GiuseppeTrimar1
479771625,jessiehpk90
479774504,
479777054,johnmartinez06
479778517,Luker1982
479779163,axeleduardo27
479782749,Babken6
479783565,Bgs_Aurelie
479788167,Delly_Q88
479793098,elliewalden
479798479,KristofferSvals
479799969,charlotte_hoy95
479801286,osdenates
479802344,
479803098,
479806055,rafaborja1
479806347,Manoool23
479806984,DolagyLola
479809662,CardinalLinda
479810508,20_sonic
479817250,MittsEnemies
479820315,a7sas2003
479823642,talldroll
479831001,Sherkan921604
479839571,Heapbv
479844267,
479844749,ZahrhFadhel
479848567,Knox365Rockz
479861101,XxYourLoveX
479861349,alexgaldinorj
479863633,
479869153,
479869600,kitdarin
479875705,risitas1992nt
479880017,LJGarreau
479881408,
479884233,FanarisPetros
479884521,jhosepvelasque1
479887529,
479901069,
479902845,jen0leb
479903362,NickSajovic
479904906,
479904968,emiliesass
479913799,
479915512,DanielZammit85
479921360,JhonySortto4
479924389,hjgdsxi
479925025,AmandaAjstar
479925971,
479929093,Tudo_Reggae
479934456,mooon_IAS
479940803,8185angel
479942405,
479945655,
479957188,mohamadakreem
479959530,
479962456,AttilioCamiccia
479963418,NataliePantano
479965328,TaiKadosh
479966121,pichup9
479968647,Abgeneigt
479968966,pclady96
479970326,YovanyBalam
479971483,tanopercenter
479973405,CentralCityWave
479973898,
479975931,yevtukhovich
479975937,deanose6
479976490,DEON_25
479977069,PedroYohao
479984280,
479984485,
479988040,
479988212,Dejaine_Beauty
479996074,
479996541,
479997420,glowackyaslk1
480000389,ronaldhcelis
480007246,
480007451,kaue_bezerra
480014195,mafeer18
480015296,
480017233,2_anuar
480018631,27Icebox27
480018719,LizbethPaQkaah
480022456,Perionz
480022571,
480027592,wilda_snickerz
480030757,willyelpaspi
480034650,smartinez1422
480038190,
480048699,AriyadiAlmustaf
480048884,
480052018,
480052054,
480056038,marjoriemcknig2
480058795,alexjackson86
480067764,romjuedhkfke3
480068690,ChelletanTan
480069629,normanba
480070287,winedeva
480070573,tjerick5
480070731,CesarCastaned13
480072499,Rudeboy076
480075920,emafanpea
480075925,shea83_
480081626,AngieSatria
480082308,campeon910
480086108,
480087693,AmiraAysami
480090030,AjiIsmadi
480091271,woong_jae
480092176,GlendaAga
480096465,lfdskfdskfok
480096947,morrrrrythomspo
480100695,Kilianz082
480100751,
480101585,
480104373,
480106070,
480106697,lena_031
480110017,obfelacharmang
480119059,Hamset0328
480124870,AIs_82
480127288,
480131038,alineecastillo
480137692,chanmeikou
480139852,ShelaAlexander
480144111,
480144331,NawfelAjaherZaw
480146385,senko_hanabi09
480146554,lucaspasche1
480149954,chris_mayhem
480153313,YogirajGurunath
480157216,sulaimankonde
480159295,KiranatChroma
480161116,yungtszlok1
480163305,alina_aguilar
480164070,tashaandcraig
480165669,TB620324
480167793,vassokimsoohyun
480169294,AntoRivarossa
480171460,Tarrah_Leigh
480173530,hamzehosman1
480173568,SPathmasanka
480174181,
480178726,nanika5
480179152,claricehwesh
480182594,597766503
480183131,yamokae
480184366,
480186888,kennethguse
480188855,ade_yusma
480189677,
480191962,
480193456,wildanfreestyle
480198348,
480200433,WinMimah
480200579,naverline
480201386,
480202897,IslamicAppeal
480206199,anis_abdul
480206961,ferzhostoned
480216964,Jeramystauf
480219254,yoga_bhaskoro97
480222692,MerabetSamia
480225851,tilda_f
480230335,Tullazabi
480230690,marirylova
480232421,ArdianLondo
480233851,
480240212,amainairene2
480241958,TotoNaif
480242583,Aponjnu
480246984,lanlan_NAF
480247143,Djferchoc
480247405,rainaudi
480248021,jamievrngt
480252511,SheilahChahilu
480253123,julianblanco2
480253744,bika_swag
480255946,carxlove
480260935,Reasonstostay
480267816,VOFarrell
480276490,KronenwettJrgen
480277158,Obakeng666
480282140,MHewitt9
480283414,danikawalton
480284031,RazzaqOreis
480286462,
480289678,
480291995,DRSAROJKUMARSAH
480293682,nancymark067
480295776,
480298677,vbelyy
480301571,Somerhalder01
480304586,zulaybarpatrick
480306407,
480308525,MaryPama
480308923,
480312386,15noronha
480313333,interferramenta
480314203,lilymanohar
480314511,s90017750213
480315774,
480316148,
480318467,FlorianLan
480323547,
480323840,stalouk
480325632,
480330322,gisellefoxall
480331049,wendyromero11
480338617,
480343895,harshalgupta45
480344317,
480344651,LaianSaleh
480344938,larkdonny
480349434,
480352361,
480354594,SanjuanaLeuchs2
480357962,
480358632,Chaz_ops
480362036,GillianLeake
480366374,
480367466,
480368942,Robc0308
480371668,gilankzonadio
480373713,Arashfarhadi1
480375621,
480383655,Alfaa_Devil
480383834,okancan012
480384813,ebonylou80
480385503,
480386112,y_hyung1224
480391989,
480395254,Junan4
480398408,JaeJuNIhim
480401374,gabriandrade17
480401453,KrystianAnna
480402368,manrrikalves
480406281,fernandoeawcp
480408729,_Alissavieira
480408998,hamibeatbox
480411690,namnapna0963
480413154,HR_harry
480414400,wiemanvio
480417920,leo75_leo
480418931,marianabunea
480419303,Basavaraj1986
480419489,laurenfellows1
480419674,miawasesa
480429715,k70min
480430284,
480432240,_Apple7234
480433129,kurumi5691
480434081,ericwaser
480436494,Julianaplus5
480439299,
480441657,Maca_Viejoverde
480444651,johmon_dancer
480444742,TsahitKoren
480447680,dna3397
480447826,
480448800,sybloak
480449965,sarahpj223
480451563,egatsi
480458529,asif_chauhan
480461135,gutavinholopes
480473106,TiteLou76
480476431,toracky161
480482380,AndreaaMartnez
480490010,SonrisaBonitha
480491766,bk1636
480492613,brunomoreno7
480492802,clasanuncionet
480493064,NasarNews
480495652,AlejandraMarca5
480498783,mekidhichem
480504593,MrciodeSouza2
480504890,RachelNriapia
480508170,
480510259,chalecomotta
480513042,alkbisi
480517557,
480524277,
480527563,jesusp8a2tigre
480529217,Yaaanu3
480533020,
480533606,elsausalito
480535150,jumandevamp
480537132,lorenzotoma1
480537335,excelsiorap
480544147,ray31884
480549465,
480555867,lmprov777
480556280,Twickz_
480559573,gloriasanchez01
480560088,
480560517,LiraHarutyunyan
480561383,fedechimenti
480561390,
480567937,RQuehl
480568116,pulimarita
480571815,
480571963,
480571966,I1ni9K
480586666,teddytaylor82
480587349,Andreas1g
480588078,3bo0od2573
480594584,
480595381,
480596172,
480601204,
480611844,vlatronico
480614858,sudesayar2
480616669,misslall
480622358,ConraudSofi
480626791,ReimerMosquera
480633403,brittansvibc
480635086,lharand
480645899,
480652694,
480659004,davihenrquez
480664647,RindiCain
480676492,tyronepyfcm
480682654,iamTiny_Rawrr
480686432,jrepollo808
480691581,
480695106,Macduff_Lady
480696507,BBmazz
480701632,0xloveangelx0
480704338,masifin07
480711247,
480722924,
480723539,radiosonidera
480729097,claudia_gustavo
480740759,
480748819,MENNAESSAM13
480754571,CalTaylor_
480763159,9.66541E+11
480765942,rugelesmindiola
480770259,leacortez
480771069,nicolegalvezvid
480771853,comhiorrinv
480771955,
480772510,blalonde1991
480775852,civilmanK39NO15
480777520,Veremtrtb
480796494,EmmaHernadez34
480801886,Asheshani
480809096,AlejandraPiamba
480810287,danielleinadpp
480814226,JohnPhillipVirg
480814991,joehill44
480817976,
480823099,CriMagaMago
480824866,deathraynr
480825154,Jocel517
480825554,deberlabs
480827980,evsdgf43
480833095,xPiNK_LEOPARDx
480834144,ShantaalGarcia
480836394,daylin_stevens
480836624,pablophdz
480837582,thunderblaze25
480840571,kmin2008
480841482,
480842075,FakeBeto
480842686,rogr_caffrey
480842926,
480843834,
480844019,skitsoteddy
480846857,maryooma_k_m
480851773,
480851822,mikeblanchard5
480854510,RCheema1
480861021,
480865890,BPhommarath
480866750,wiwhiik_winatta
480867175,jmpoblete1
480868209,
480875852,AlladinMindo
480877094,BingQuran
480882070,ikhenovi
480884377,yasnabariniaola
480886300,Mr_shaheed
480895069,ShopLatestLooks
480897286,
480897756,mark_dunstan
480901669,
480909188,claudiaguadal29
480917238,blake_bonasera
480917997,
480921853,Gusellamkfkd
480922136,indrianto_jkt
480923211,adindanabilah2
480924404,nannie5juqg
480925422,
480928740,
480931130,sn0020
480931810,TaskaAnankkuSay
480934393,LKDJDJ
480934729,dannyspussyssss
480935039,djjames5
480942316,androdizer
480947563,LavigneSamuel
480950807,JeniferSantos35
480961130,Pequeolen
480965589,davidblane66
480969847,Bandaaxe_com
480971202,MonteiroReggae
480971371,
480972146,heihachiro1905
480973901,gottaloveit24
480975263,
480977185,
480986729,persib555
480989368,dyqpqpzn
480991065,
480994201,
480994215,Tiango_
480997412,
480999518,
481009636,ReForm_Worship
481009822,choi_jyj
481014649,altuwijri5
481018434,herry0212
481021609,Geneadtgi
481026709,
481028289,richardbacud
481029758,NPrawIndy
481037800,Ivan_z_1
481038727,Angel_ChibiFC4
481041971,mustu761
481043583,aliasghar73
481043809,astutewaziri
481044749,
481045396,
481046051,
481046429,FranciscoPine20
481052613,
481053006,2082166
481053387,gon_gon_goon
481062602,dosanjoscorinne
481063820,LucaLuchetti3
481065006,
481066698,sergahdreev
481068072,honeykhun1
481079691,ZalipPrilip
481083815,
481083956,
481085292,dunnnicholle
481091100,
481092084,
481095863,ytatyhimyn
481096002,Sabiqlamps
481096387,
481098135,
481099451,
481101508,abb12673
481104023,
481106727,Nuro74
481108189,
481110529,MuhibuLLo
481117573,Marleahvrjqq
481118979,
481120774,robski1973
481123423,
481123618,UnbreakableHea2
481125320,
481125933,dliliz_darkgirl
481127697,HenkSpithoff
481132050,ANTAHEEN3
481138823,AkramAlmalikya
481139632,
481140370,DimasKoppf
481142940,Sorn_ST
481148588,jamamusi
481151591,reichaaannn
481152568,Sophie__vh
481163440,oohigasiiwao
481166545,
481167020,
481169694,elenaherrera07
481170939,napiercassie
481173307,bossnicobose
481176506,
481180497,
481189702,vimalindoriya
481191954,
481195506,carolguadalupe2
481196461,gabriellyvan7
481199523,fujimasa0305
481200256,zaeezvillanueva
481201150,gywjd9545
481201954,charlie240492
481218236,Babakghj
481225345,
481225703,
481227173,
481228670,5376382220
481232910,andreRSvr
481234187,
481234340,_andriaG_
481238338,
481242048,
481245279,
481245705,XuLeow
481250997,Neilsparky123
481251241,kamalalama1
481251984,
481260259,Yasinorcan
481263198,Orlandoeleticia
481263727,sanjaynegi13
481265232,Cosmentics
481265522,
481267768,4mvazukw
481271547,
481282186,AiuSweet2
481297550,
481301277,legendlives88
481301504,JosManuelEstvo
481306499,davidstevenso24
481314490,BreadBoyD12
481316468,1099891419
481316515,tmiraohana
481316847,RCDRenhill
481317108,PauloMaia13
481321616,TiaRowley1
481324789,Vivigomes11
481325492,flabbyassabby
481326400,
481327926,LeanneKennelly
481335519,
481335651,kellymanoek
481337566,alperenar3
481341565,daabakfarhat
481345741,
481347059,Demi_Me_Coma
481348118,jermainewalters
481352275,Mahaa_ss
481354206,Deneme116
481357399,NizeQueridinha
481359974,roshanpatil07
481362598,carmenpesce1
481366672,ANUDEEPCHAITANY
481368644,desymeier
481372293,NickKat1
481373871,
481374143,Terrama1
481376119,pfdfdk
481376881,cynthiaaaa14
481377355,m95894700
481377541,olesechka11
481381248,
481383030,MilesCraig1
481386304,
481389005,CabreraMirna
481394590,
481405113,guerra_massimo
481406266,Florlinda199
481406354,antonioferrei90
481408716,
481409773,FrancescoMauro8
481414309,Tessa_013xx
481416457,flofab2
481420186,AlexandraPere90
481426429,
481428017,monicasantanama
481430384,fatihgndz17
481431789,Entsam4
481434965,
481437686,COLIJAS
481437929,
481438482,
481440233,
481442596,esmakaragz
481446332,MelissaErazo2
481447426,nanaabenaantwiw
481452623,shileylousmith
481455817,izenburg
481456173,
481457483,verawaty0322012
481459645,
481467871,
481467928,danilo_herek
481468603,Q8_BANDARTAMER
481483265,ivanajefic
481486583,
481487164,Fahadsa2011Q8
481490762,DFABRECORDS
481502897,
481503992,yaro_bely
481505798,BenedettaServi
481506044,
481506140,mikeching31
481507389,
481510210,
481513839,MarkoNikolic29
481514074,As13fs
481514955,jessicasolaegu1
481516976,ccolima
481518131,Ben_Conmigo
481529028,
481531716,
481533432,AnthonyTronTron
481533740,
481535955,RyersonMeme
481538067,
481538115,samehdesoky
481542337,Israelvc5
481546703,Mesvoisins
481547439,UKZ_EXTREME
481548340,jordiancasiberr
481549783,
481557019,zhyliak
481557290,paulinajuarezme
481559853,jasirvpekb
481560081,
481560411,supamanpaul
481560456,Lzimsplace
481561200,Jacque0812
481562522,
481563989,LidiaIgorevna
481565705,sultan51111
481566750,marcosandres56
481568752,Pretty_Jass1
481569768,FilangMargi
481572970,Theskitez1
481575015,ColonVictoria85
481579589,MARINASOARES29
481580050,patleong1
481586809,
481587982,35224136
481593567,Valerie4000
481598792,KelvinDurham
481599238,
481605911,
481608378,Maribellegtzvp
481608556,JeffD617
481609854,isaiah2423
481612961,
481613794,Boshovitz
481617344,GirlfromTW
481618983,qaxybosiqor
481620884,1857125394
481620919,LichealS
481622699,jo0ojo777
481624423,BadestBaby_Gee
481626545,fp5s
481626589,LarryMardesichF
481626683,sis_kalpli
481629762,Jozsylin
481634614,bagodgephoto
481635880,YenfhaelXd
481645292,779Rokmc
481646850,
481648578,
481651377,alyssia2329
481655295,aarroonnaa
481657209,privilegefemme7
481659038,damii_33
481659511,billypearson4
481660423,maribelsanche54
481666626,ojohubeno
481668514,marianavaney
481670128,bermydistri
481670347,bbarbosascfc
481670387,munnawarfaster
481672081,FresHxCuT
481673637,alexsanderborg2
481673979,denisselopez25
481677859,Punitmehtaraj
481683202,johngetlow
481687800,rohana47
481690763,_Tiziana_P_
481692143,DashingSRKhan
481700352,
481702998,CJPHiROS
481706419,sovoloruq
481707549,
481709671,2602094
481710710,
481710889,anamariarango_s
481712287,petergonz27
481718243,ZacAPierce
481718683,
481719010,ianthebp
481723161,Aki0153A
481728242,EdgarAaronhdz
481730322,
481737506,tomstine1
481738959,EppiEpoexKra
481741734,
481741931,ekzujey
481745288,madelinkarla
481748376,1991Saifon
481749093,ThaTruth29
481754048,GeraldSWilk
481755207,arianavogel07
481755374,KylerThurman
481758740,Swatiboy02
481764731,SVigneshprasad
481771526,
481775869,
481778779,tiwiifatmawatii
481782448,octa_afrigar
481782555,
481786174,densanyoshimoto
481790540,ceidassal
481793950,ka4544
481796756,LyndsieJanel
481801554,
481804897,
481813312,
481819462,
481820658,
481825024,Nadia_Raflatahu
481827587,Ajay44513
481835840,qitizivufas
481838780,yjjhang
481838915,HASANDEMR12
481842970,gyansinghone
481845908,aipocha0929
481848817,alenka13rg
481849384,qlgus7
481854763,syssolina
481865024,qahtha0f
481869110,anandpandya4
481871327,saranyadvs
481880519,
481882225,ICAIOS
481888072,
481888387,ErixBillion
481898347,
481899986,jamieuuvpe
481900035,
481904455,maulanapanjoel
481905174,1996Sadaf
481905238,cesareibra
481909907,manishkumargoda
481913516,Henrynaihin
481917245,flfl373
481923066,sharolynbarba
481924452,nastyha3030
481925381,safaataryakusum
481930869,savanahbahia
481931035,AndreinaSemprev
481931589,
481933783,yusufbalc9
481936078,samuelgama1969
481944402,irapitik
481947878,
481947976,io_marius
481950437,A_amjid_A
481953204,
481955793,GaabyFerreirah
481956154,sardianaputri
481958114,falcata_38
481960699,standalone_fann
481965580,siskamonikasari
481973484,AlRomashka
481986007,OkayuPiyo
481987421,
481987507,RandallJerry
481992204,casinostseller
481998400,Ochena_Pothik_2
481999558,
482001370,fazriahb1
482004054,FritzAllen1
482004846,InTormentHell
482009561,aldridge467
482021379,ThomasPlattner
482022179,vali_maria
482026547,sjm9221
482026706,ANEENalswari1
482029090,
482029974,
482033291,ZilioVanessa
482035335,
482044487,irouki_xam
482044944,Pallab225
482046832,
482054666,
482058032,
482060183,nouno1996
482065845,seymeeennn
482067106,LainaNona
482067974,dps9673
482068911,Bezkulcak
482069216,
482077726,ribeirosdeagua
482081294,
482081938,Adunkbaron
482082797,
482083173,BxviPapa
482085349,JacovittiCocco
482086129,
482086724,_MahCam
482088023,MattHampouk
482102573,Reinazskfo
482109803,luzz_mary
482109891,ridd_cash
482116873,DarrinMatao
482120729,JoeBillums11
482122691,DonnyBarra
482125381,loterine
482130387,DanieNeo
482132330,ErichWilma100
482133970,
482134107,corsker
482134125,e_madona
482136228,Issej_
482139327,jackbrains
482146620,
482150474,neyokwasaa
482150483,vangelder2
482150762,AYEGLAI
482152805,
482154982,nitasharrie
482155152,ryanemjones
482156229,jebrito01
482156964,BiijayGrg
482162263,ruzainisuperman
482164888,tecahuhexi
482170885,
482174134,minekyle19
482180581,VIJESHRSHENOY
482183323,Km22Ta
482183342,mika_erika
482191037,CiciBoilerRooms
482191116,le_nhut
482191427,joelgarciaavalo
482191712,Patricenohau
482195205,bobjackson36
482202815,The_Citan
482207738,yadiracoronado2
482208534,mikebuchetto
482209697,ElifSenel1998
482223138,
482225381,frankfjf53
482229451,ohwhatarainyday
482232022,
482234517,
482235112,fatema000ali
482236032,quinceyfelicity
482240614,SelenaeJustinBR
482244147,
482245155,tferraro5
482251685,
482251840,
482255971,TA_0514
482256828,FerhatEcrin52
482258089,LUANAMYCAEL
482267342,HamiGouichiche
482269724,Holehousefarm
482271537,EnoPeno
482271577,larivitori1234
482272348,glm5544
482276061,
482282572,RAVIMALIK15
482283212,Stromvalllinda
482285926,KM977
482287295,courtneycoxie
482291608,n_marl
482292136,khalilemostapha
482292350,colin_adgzl
482294325,torresalvaro91
482304850,17kaoruh
482305823,PalafoxKarla1
482305831,
482309692,FilizGndoar1
482312513,chrisdawson45
482312558,
482314102,
482317659,dood2010
482319881,ucuwehyl
482321043,MartaGori
482321537,
482333277,rocherdiroise
482334018,Sapeka1Fernanda
482342127,JohannesHeinke
482344036,ifyiano
482356561,clarissecoet
482357538,ozcansygn
482359274,gc_mery
482363328,jkwilliamsx
482368430,deacorredora
482369296,mehmetkocalar5
482371884,
482372530,MajaSzewczyk
482375786,rafaellacris2
482378480,danielturner194
482384067,
482386473,CristianFaletti
482393246,camilapetry15
482398391,
482398804,berdan58berdan
482398870,DwyaneWade14
482403943,
482404820,blackjakep
482405718,Jambxz
482412046,lisashez82
482412491,sjkjmdemj
482414081,TatesLuv
482414718,la_biam
482420153,lisachamberlai2
482420844,salvo974
482424465,Killerkenny11
482433212,builtbysnowman
482436798,Rebecca_lee923
482437372,
482438438,evanirior
482440434,
482442072,DIMON_DOK
482442752,
482444720,johnheyes1
482445624,CinarMayda
482451323,longoca2
482452182,angelicatem
482453322,nadyelle3
482453621,laylamahmed
482456239,tayebnahbel
482458764,mildstyle92
482461286,LongLostHolmes
482465684,Sandrita_1093
482466830,arslan_sk
482468542,
482468896,graficalm
482470173,Wanetahccoc
482473216,86Cu
482474514,JimFalse
482480574,thegeryand1
482484199,
482486445,Starr_iDqaf
482497543,
482498896,
482502440,
482503355,777_manuel
482505837,keokeobo
482506492,mariamelmasry98
482510735,eduardaalves61
482512200,
482512204,
482512547,ChrissyLemonz
482520968,LindseySheppar1
482523084,Nuh_Tufan_
482527323,larisaHanssan
482534420,
482536256,
482536652,RAMERCYL
482538652,
482539782,
482540402,
482542718,
482546726,CindyVeal6
482550008,
482550868,fsiodiogjodgs
482552204,
482559808,KazSami
482561843,Linda_booni
482566774,
482567575,527964
482573272,meenadooknah
482573470,urataiki
482578309,kellybabyfoster
482578977,FeboJustin
482580146,S1N1C4L
482582842,13naynay
482583558,vilozuly
482584459,
482586045,princesinhachik
482586287,_re66
482586658,glee6939
482587825,CodyWest_
482588552,ilseurda
482593981,Dadamnmp
482595115,jjanga4861
482597555,DerekRenfroe
482597780,
482603018,emkh71
482605682,
482608601,marcelavic_
482609137,Zynpyrc
482610194,
482610958,jjjaz5
482611901,flyingfinn64
482613409,ALily394
482617740,vevehardiyani
482622317,kzjk___
482624910,
482625994,rifkafaradilapu
482630526,Taylorsdad
482631954,Nongyokzii1
482634940,
482636091,bigheartangel
482636734,Khein47
482639092,
482640022,aezeimei_klewer
482641533,cepiriit
482647012,Im_Fabbbb
482656617,Maribelminmp
482660100,
482668079,
482669122,elainejoyyy
482673962,Hello_Thicky
482675763,konypidyb
482675890,Ziiza55
482676289,jameelahmad6
482678076,muhdaqqil
482679239,qqq410
482680186,Tanaynilesh
482686147,monalieza1
482692083,maemaire
482698632,lunggub
482699663,TiaraDesendy
482700259,leon_v_k
482716199,mZkrisTy23
482720336,
482728663,katrinauhibulla
482736363,
482737324,MICHAELJAYLAGUN
482738683,saitouyg
482749060,Ceferov2012
482751469,Ekaterinka2015
482751689,atritgashi
482757433,nupea_tiggerOz
482767302,NikitaWilson14
482768011,TheEpicare14
482769613,mathanayyappan
482772748,
482773591,yonkar24
482774421,
482779933,pamelasarcilla
482781091,SundbladTim
482782716,
482787881,SURAJSHANKARSI1
482789614,how_lonely
482793917,
482798355,DragonKamehame
482802247,roterdow
482802448,YasinKaradag58
482803444,mervesumak
482805921,ATartamelli
482809879,pramod43bairwa
482816078,pumaboybxl
482819740,
482823113,Mark_Wall9
482828621,anisbella1
482829037,
482834497,KassioLive
482843144,
482845451,SadarPrafull
482846898,unchain24
482848064,babyteexoxo
482853475,shieladaw
482853680,krakash_506
482854884,
482855124,WardleJo
482856001,OfficailMandem
482862061,
482866058,BotzildoSilvaSa
482873374,
482875370,PaigeSavery
482879181,maxmawx
482882039,lisettte31
482886523,
482887429,thebebuddha
482892261,429_k
482892353,
482895548,PhytRis
482896291,
482902260,
482904170,asjiwon9
482906031,Caiohsn20
482909080,ryslan20000
482910652,SeleneQuaquas
482911726,
482914347,BabyyRobertson
482920113,JessicaPlatt_
482921097,
482923637,yamashiro0516
482924190,ArchEX1
482926982,
482930617,
482936159,
482945056,
482945629,karamking2
482946224,ArnieLudwig
482948803,manowtoom
482952669,javeed_cool71
482954253,
482958498,
482959930,AgeChisty
482962668,
482963070,caty255
482972408,lowetucem
482972495,pennbernadene
482975536,tapia_lovely
482975886,
482982173,
482985054,
482987348,
482987719,emeline014
482989186,WYes09306697
482990117,aidelaboyer
482997098,wasipholi7
483002858,nissimcazes1
483015882,SGorrino
483016777,eshram1
483017976,giftcy2
483022834,fozuruhilu
483035295,
483041468,krystalclark06
483042537,ThoorL
483042570,charleneerigue1
483045924,AndreaIemmolo1
483047474,niyazi_mahmut
483049513,
483051286,dexylugo
483051349,aliteran12
483054406,
483054705,negalinda30
483055894,
483058430,
483059777,rob_tess
483060304,bitterpablo
483064030,
483069082,BurakKure
483069499,
483075535,
483078648,CELESTEREGINA1
483080381,richsabs
483082046,youmlo
483082844,
483085238,Xanciel
483087418,godetboutin
483090179,ThaisEsmael
483096005,Dakalobling
483097911,tojuanifrncisko
483099311,Seema_Salam
483103661,JelacaKatarinaa
483109227,xNANOOK
483111329,sukanya_guddi
483112606,ElkadyX
483114175,cindyherrera14
483117321,kuqabiwo
483119254,RWesterich
483119302,stevenwoolf1234
483119985,benchoben
483128440,SueHope2kidz
483129541,
483129879,bIaineandersons
483130834,SaraSkr
483131072,
483138993,Ofoski1
483140267,bonecollector52
483141501,sanjubabadevil
483143387,reginasova
483144697,Aurakiss66Aura
483153612,
483155746,xMente_Friax
483166631,
483167518,elvina_1999
483172634,shirefashrafbad
483173656,kybewaqidoki
483178945,balickias1
483179990,halukayok
483197695,SamoTomi
483198122,568Jox
483203686,
483206779,Keuslievanbo
483208859,
483211620,rojger_botan
483223555,angeladimita
483224438,
483226294,
483230096,yeimitatiana5
483238497,myblanco_lua
483241381,KatlinPoole1
483241779,wkmillercoxnet
483250292,cherokita24
483251365,qaqalar
483251439,NaveedCh21
483255941,gfhjkljhgfhjk
483256388,MarceloRech3
483256659,cjonyejekwe
483258336,Vikyhans
483262334,kenankundak
483262659,kabobfingers
483263708,
483264113,EscobarEtienne
483265127,DChattard
483266407,murickenrohan
483269473,JerienneA_
483269792,
483271402,
483273119,pacovelazquezs
483277645,
483277780,mohammedotb1
483280383,
483280970,alkaasm
483296530,honeyblue01
483302528,Tonerboner12
483308191,
483308819,cavalcante_boy
483314424,CrazyAyk
483314754,sezginesn
483322105,GhidiniboscoG
483326033,tberg1999
483332717,
483340243,ghcoenraad
483341009,DeeSmartz
483341521,
483341895,maryszka19882
483343278,martinamiliani
483344499,dennysfernando5
483345419,jessiegriffin25
483353843,
483354751,
483354921,TijeSuljik
483354959,RelawanSiagaJkt
483356197,cemsaner1
483359976,
483360659,SuperStarnick
483362719,mysinterest
483365094,marianadiazcort
483377692,SashaGabisov
483383807,
483388904,Trodo2
483405143,johnathanharri4
483410651,GayleMWymer
483413626,Brunin458
483415860,123_femke
483416931,fabiosilvaoliv1
483417167,Mason_Cordeiro
483419425,profitassassin6
483426897,687alejandra
483427535,angel_suarez1
483428626,homesallianora
483429400,i_like_owls
483432782,deividjheckson
483433677,
483436652,
483436854,aliramdhan1
483439022,VictoriahHoran
483447716,Qlantyer
483448400,
483452853,MESSI1456
483453696,adytep19
483456114,Maalootii
483456670,loeherg
483459116,retretreutrutyu
483460169,ManuelJolio
483464090,onurdonerkan
483465815,cale_mamo88
483474864,higehiko7
483477860,fitobello
483477967,Kj5208Yeji
483480007,Caveatemptor3
483482623,gyhuqivotemir
483488210,SMalarin
483490449,1emarketingprof
483491003,hoakinmtz
483493013,
483493970,
483494030,miranyani
483497653,LobyAmor
483498105,Carol69Stanton
483498371,
483503016,Tembocali
483506336,christoporusang
483508893,lameikwilson
483518572,adindaputri66
483519519,SneakerFeverRay
483521692,
483524887,nicollipefuc3
483525477,aguerotlv
483531049,
483533103,BusoAndrea
483534864,ijetivuvat
483539125,chaye_ayee
483542229,ND_Fung
483549272,kenpunter60
483551557,Nur_Abubakar
483555878,
483558465,sukoubou
483560769,DNurfalah
483564296,mahiradictedIND
483577413,
483585905,
483592604,MerewairtaV
483593865,alimasraie
483597726,makaronidisdimi
483599933,cdeanvan
483601131,
483602639,JIHENJIJI6
483605695,thao306
483609625,
483609944,
483612340,noqimive1988
483613552,
483617710,
483620207,meiyaa__
483621051,Kacyjay487
483621609,
483627917,
483629231,
483633582,claytonysxmr
483636718,Quotes_Kdrama
483642965,nikoeldelrojo
483648404,
483649284,
483655161,
483657991,mirremedium
483659039,NiaSelenator
483662960,
483665302,
483668519,
483669816,indra_abang
483679004,pijahnakal
483682126,a175709557
483683806,LilianeNeuking
483685029,nestankarkivili
483688121,RickyMaurya
483689969,JohnrobboJohn
483691850,Drucillawcfnm
483697489,
483701382,Arasi09
483702446,iceso2020
483705199,aminous3
483711338,akgxxx
483715364,896506351
483716765,
483718274,75_ste
483719451,miriamosr
483720660,
483721432,
483721841,
483727652,boxxen213
483728280,
483730880,
483733032,meraahmed5
483733881,play_fjdog
483736418,rizka_soraya
483736947,
483737464,tyvyqady
483737692,robertasong
483737988,
483744186,
483744277,
483744353,
483745520,yan_comu
483751112,
483751509,
483755955,Eveliki
483758701,heloisaferrei13
483763437,treshubcfj
483763727,
483768900,dhanapalmech
483769068,
483771516,
483778842,Eshurita
483780018,RenatoCapitani
483782096,
483783982,niknik_28
483786279,42855717
483791857,PraxisAds
483792365,
483793821,mcwagao
483802972,bln_kiszely
483804858,masaki963
483805586,JeremyJ453
483807051,ValentinBecske
483807385,markxs_96
483815500,olga_men
483816671,Wilburm1978
483818400,xy531088
483825474,sectorhumano
483829669,
483832093,
483834937,Bo3zooz2
483840640,SR2oDETo894
483843534,bournerobinette
483848240,ediver5
483853568,
483853729,eredding2
483857613,
483864668,aruto0021
483864819,rindo_riyana
483870096,dndxod95
483883471,mattcurtis89
483886406,arlomb
483888674,Belugagold
483891054,
483900695,HENRYcar2012120
483903950,AnurudaJain1234
483906315,vijaydxn311
483908285,maximetv62
483911745,GunillaGunillam
483913308,Katielb2012
483919275,Lee472Lee
483919659,Margreet_1968
483925508,
483931357,
483933024,MoSpirituality
483934244,yukariokapon
483935149,TheGodFatherJr
483936901,iutaplc
483942704,OTerracciano
483943014,
483944172,jasimto
483944410,fuckrbiebas
483947025,ManantialJESUS
483954098,asnautari1
483956443,loverboy2419
483964051,kylebailey79
483970963,liamschneider98
483973869,pradeepsingh602
483975415,anthonytyper
483976163,EugeneGenis
483977750,EleanoreLempick
483979328,manju_k39
483979572,Eyoonaljarha
483981047,djibril_djibril
483983013,irisvaldes02
483983670,cyrilmln
483985422,JOSMARPER
483987336,DoctorFunesto
483989079,NESTORCNARIO1
483990605,LordKvothe
483992918,rheo_21
483996903,
483999912,
484000145,
484007189,konn19
484007847,Ale2012Leiva
484015182,rana_manpreet
484016562,felixputra12mey
484018672,SteiaBean
484019497,josefinavera1
484022689,lovingbelieberz
484023817,twilightnr1x
484028968,Meggy1950
484032338,ayengkgz
484032348,
484036170,marcussioux
484041540,milind_lg
484043094,
484043238,
484043681,klajdi62
484047823,suh_marykay
484051223,Antonellodila
484051610,shamzmoney
484057153,ArdiBrahimi1
484057901,dashula93
484061912,
484070373,
484071629,ndradrahendrawa
484071965,BenRIdenour
484077980,
484084090,abos3d_Q8
484084858,jmgv281164
484086257,EricMildner
484087650,weightlosssage
484088138,pak1noor
484092797,
484094081,FulviaPellini
484095142,Ortiz_Diana_
484112125,
484118082,SunnyDreams_
484119904,
484120108,afrodizyak8
484120945,
484122840,PooleKeith
484124191,079sabelo
484128854,kathysaysfucku
484135363,bedia2006
484135897,mirandaaababes
484141796,thanks_majid
484144867,
484145675,MikeDelval5907
484148192,Tes4all
484151211,guzvaldi
484152175,roman_noodles02
484154378,ricardodosmilon
484156077,Masya_912
484157228,a7sis2012
484159504,
484163121,anels_7
484164977,odessamj8rj
484165936,mhmed477
484167914,S2limaviviane
484168071,
484168661,yaziy
484168778,PaulaMcd7
484174528,cquezada83
484175184,kiakaha65
484187089,KerenAnn_
484190326,
484191548,
484193156,annahanford
484198786,
484202790,1972medrano
484204243,TomasCesal
484205355,Sokhulu55
484207573,
484213909,Tjbasketball
484218624,JobanaJimenez
484220115,kali_knepper
484220700,RenShirai
484226651,Raiyanxx1D
484227739,bradipina986
484231128,3Oio
484232450,BWebhost
484235074,Lore_Kamas
484246945,FawnTrestonBHDD
484247049,Marii_Manos
484248073,exotic_smoke420
484251583,jakesurferkeo
484252558,MrKamiR
484256622,
484265956,HIDEscorpiomoon
484270979,Heavenknows12
484273844,BespokeATX
484275992,
484278232,Fariha_1010
484278472,FabianGERARD1
484279748,CojuboJudy
484283411,GodsGifford
484290012,
484290764,brayan_pabon
484291223,coolaidman999
484295322,
484297063,harbe_w
484299730,whitegirl_0x
484300474,ShanieRichards
484300928,
484301452,
484308647,vickygregoryp
484317953,Manu_Salmont
484319041,lsimanjuntak12
484320974,iney_kingjowaz
484321676,MarianneBretter
484331580,chuvislokisjr
484337851,Miagallander
484338662,Roman_VaVaVooom
484339674,ToadsWords
484340936,Ty2Q1Barker
484341597,lafce
484341838,Dejavuphobiaa
484344380,Elfstedenapp
484346260,huffmannancy
484353829,CarlosAlfredozl
484357988,
484364468,
484365612,RoyM13
484365751,marciafreitas18
484366216,CallMe_Zaddi
484367349,16Xulita
484367919,marisela_mv
484370812,
484376887,Elena_Dante
484377094,mattatkinsoncom
484377126,raffinurhadi
484379769,amaurimartinez3
484379877,miina_ziica
484385020,HuesosSan
484392014,Jojo9Jose
484393859,
484393865,
484399073,
484400099,kuro_tan38
484409025,shl1042
484409690,VanezaOliveira1
484415336,
484416322,IsabelBarbaC
484429068,
484429432,Sajed1987
484432194,
484433341,Chayavwyik
484433918,Fatimauqkoj
484434265,BLEED_ORANGE27
484440343,muhammaddentist
484440373,okitytonub
484441746,FillWish
484445413,AlexLockeDesign
484445739,guiihfresno03
484447797,
484447897,
484454178,beauty_dark25
484456311,Maya_sari27
484458277,agustinuuuuus
484468985,Maddy_Ingram1
484469928,Jdizzle4prez
484490988,SimbarasheU
484493395,
484494920,crystalgroup2
484501257,waltersyasmin
484502100,AleiahPattemore
484502939,YoulandeA
484509776,neallaing
484509916,potatoperformer
484512709,cjsrnr0508
484513883,jiwan2yo
484515387,3aShG_3yoNhA
484524506,pujamali
484524659,NurNadia96
484526020,
484529635,JohnPaulLucero
484530101,Stalyx1
484533583,Carrollxokde
484536699,Aliphas_Chaos
484543507,milan75017
484549673,Tiart_info
484552343,
484556276,Sergei1951
484558289,sara_sebas
484560804,LaquerreSignore
484561982,m123mt
484563745,TolarLee
484567212,
484567528,IsdaMartina
484568035,air_miyaji
484569310,jejeroleplayer
484569714,nonelse1101
484578210,pippiglassbil
484580296,celia66320
484580714,Nina_octamilia
484581765,ashkarbhai
484582520,Aghility
484583997,witbroodje25
484585130,Kangchichung
484586349,
484587551,MerckulovaIrina
484589940,fgueler
484594928,roshan_thot
484596123,EduardTomel
484597919,DeXocolate
484598140,kaki138
484598709,
484600184,mohamed_eyd
484600606,Nugusuay
484601228,BRISSONRENE
484603631,LifeisNowhere__
484609989,Arfieqqie42
484610432,baibolovka
484610836,AbdullahAlsades
484626247,tonelu10
484627499,
484630859,
484639446,
484639582,Asim_w
484639781,dhanii_ramdanii
484639930,lyxafiqini
484650952,
484654869,
484656284,satudua_tigaga
484656617,DPernter_P
484662321,OmaniRaya
484662816,cozobush
484662849,
484664164,
484664236,Leishamwxwp
484671378,
484671734,uluhatice1
484679072,chandymo
484680230,
484681114,
484686533,
484690332,GallathPriyanth
484691689,mayo_xp
484691721,
484693258,vasandevan
484699332,
484702291,3DLuxury
484702974,thefuckingcrew
484706402,erknakman
484708078,ILOVEUONLYU
484708128,UbuSami
484715589,hennynidizz
484717601,EniyanVijay
484721533,
484722405,tafa3lcom
484722762,sjulianapereira
484728143,CHA_NNlNNN
484729308,sigamesoufamoso
484733900,spinozz0
484741000,
484742536,kds767
484742851,julimarpbr
484743552,
484746799,enJoyMich
484747215,Durante_Nicola
484749549,RdvanStar
484751741,NatashaKhazova1
484762872,47Hep
484764610,mialoves1D
484768233,supattraJaraemr
484778851,syrianfree1955
484784116,kskmir
484789628,AliObeid3
484789697,AlexGiampietri
484791682,russiatiger
484797230,ACerepanov
484797754,dignaichagaraye
484802473,ncazlatha
484805071,
484805113,ma7med_m
484805959,yaqacody
484807500,daddytcarden
484809736,Rafael_Garcia_1
484814704,
484815554,cilekreceliruj
484817084,ata3461
484817232,CarlosQuintan59
484819929,
484819994,
484821404,jngnzlzcstnd
484822064,Jhay210
484823904,
484829836,HelenAvgor
484832872,milenefeitosa2
484834825,BsN_2011
484837178,sekretevads
484837426,BIRENDRA920
484842217,yamurer3
484845342,GauchitasDoMi
484845855,IlyasVergili
484850893,misson6
484851007,Anindya_harum
484853575,ronn689
484854923,jkeyrupan
484858093,dansoi02
484862204,striykov
484863328,amoory_999
484863706,LaLulah01
484871027,vixenbutu
484872947,xuporigigymis
484879438,
484880431,gaishinya
484889262,sevgizdemir16
484896895,kimu_de_Guzman
484899571,2NFR
484900383,fatimazohra3z
484918921,GustavoTenorio6
484921475,lucassosa28
484924771,
484936966,crlinda2
484939389,Emmajudi
484939589,OtticaRoma1976
484940319,Angela_E_taipe
484940868,Guilhermeklock1
484946591,tikoepaler
484950802,ALTBEATS
484957320,katethompsan
484958660,deborahclement2
484961338,fedtmanjustin
484966455,SolangeSantos45
484968555,BulutRmys
484970042,roman_gonzalezz
484971621,TGZNederland
484974331,
484975693,AlMennaa
484982907,Ariadna_FO
484983107,_naaaaani
484986282,
484987056,GinesMendoza
484987696,SaLaNa7
484989895,
484991043,Hilmannioc
484994478,MsSandraLJ
484994989,Theresatladq
484996210,gotterserena
484998377,undkdl11
485011443,ahmadcccccc
485011654,Jeferson13999
485014637,
485021177,MTersago
485027138,FdezMireya
485028911,_maher1
485032791,abby_schofield
485039786,xxlfp23xx
485040340,
485045441,JavierBarrios33
485048392,SachaLongCTV
485049561,Rivawgjng
485049758,
485049776,escobarcp99
485060296,DesireeCamilla
485061413,valentia111
485061480,diguintn
485062476,sinantekdag
485073559,Nubiazhvpc
485085606,SanapoDavide
485090450,eshi_esho
485091927,
485092969,marco_beltra
485093753,luca_valentina
485097120,LuuSelmo
485102625,FabiSimao
485102878,LILIANAORTIZP
485104285,iBooksDesigner
485106113,nefertitipaSavi
485112112,
485112742,
485114281,valedance98
485117734,
485119725,KarinaSchmidt7
485120334,lauralalynda
485121798,kimaruw
485122525,Real_Idgaf
485125452,
485126063,enanometalero
485126082,masood_abdullah
485127908,MariaLimiati
485129020,
485129117,michelleherna80
485130334,NeferMexico
485133445,
485133499,pedromaricuadra
485139613,
485144177,TUNISIO1995
485145354,KenanREDC
485149903,mervekarakaya17
485153458,_Mikey_Hopkins
485154675,DEBORAHHOLMES4
485155067,AncutaBucur
485156460,M714S
485158097,
485161309,
485163293,alysonvelez1
485166034,
485166130,Lucio_viajero
485166218,
485171438,NiceDoidinha
485174702,dareen74
485177372,jorgecorreia13
485180375,Marrriaboo
485180849,KatrinaRoberts8
485181110,TatSBPink
485184306,petterutia
485185670,Angietwity
485189872,chicoabarbosa
485191729,Diva_charming
485193892,k_gravelle
485195757,GissellMatiauda
485198168,
485198729,wliad71
485200945,PabisiakN
485203383,desiboyz110
485203717,patriciaviana9
485203871,kmiilolozanno
485204585,Nurdogru41
485206640,HenrieJacob
485206687,josimaramaia1
485208329,c00x
485210213,
485210970,gregjpelletier
485211964,ModischClothing
485218915,kurbankerbl
485222246,tanorules005
485223525,ysabelLeyvaa
485225309,
485230750,mani52584
485232682,juansosa42
485232791,
485234194,yehya_45
485243349,alswl7744
485245031,
485245324,SuhailM4
485247237,
485248503,__paola27
485249026,sklj4
485250289,mariaPhat
485251440,zoomer101x
485253688,SeniorBoy012
485254695,
485256442,datgurlroni
485256495,SJClark3
485256710,evelinguerra1
485259070,
485260573,
485260625,MaJo_Gimenz
485260699,tigo_martinelli
485264854,JoleneFleming1
485267191,cajac33
485267640,imugslife
485272789,ManuelBolivar9
485277588,BOWS_AND_BLUNTS
485279929,
485283688,soo11286
485288303,aderilton1
485291681,
485294670,Ashlyedx
485295387,
485296246,mandytrevisio
485303170,
485303717,KarlZee8
485304603,HoracioDuhart
485310494,watermelon585
485312219,SykotiikKween
485314138,darren4axgm
485314423,kimo9901
485314854,pecaserik
485316923,_rsrsrsrsrs
485317031,Kiersten_Beth
485317306,malloryal154
485318586,Nadyate
485320506,
485321707,chamchj
485324721,Anderson_bre
485329048,Muhammadnisar26
485334485,mrlimited3
485335174,jane8294
485336361,Asit1512
485342511,
485342689,JenAubreySmith
485346145,Vala52
485347670,Sourav7Mondal
485349661,AngeelLyL
485352364,pantherness
485362297,HadiNotoSuprayi
485367351,NatBellavision
485367639,
485371277,VickyVgalanos
485372744,nordjavd
485373496,JhonAlley
485379342,JezsicaJesikov
485379867,Nishandahal
485382539,
485384943,ladygagafan_fan
485386692,paige_Medearie
485387497,thdus3112
485388008,bla_nahuel
485389754,kaybelly
485390315,kaNasreymao
485397925,Shabanameer
485398007,exoznomoz
485406040,
485406829,
485407356,boilerbrees
485410025,Phylissltlwq
485412116,izzah_zulkefli
485414424,
485416996,
485422363,hutylop
485428791,KwonojOj
485431124,
485437265,
485437424,darknigs
485440250,Darkrammtein
485441389,LanzaInfinit
485441603,tmrmg
485443024,gomasesameroom
485443219,
485444326,anarchy_bagas
485447244,cammck12
485452543,pinkyanisakanta
485453496,shamslamalAl_Gh
485459655,LaurenBell93
485463001,stefanie_megan
485463331,elinasgpark
485465661,TryphenaSong
485466855,abo_samerr
485467141,Rafaeljhgfd
485469315,DebtHelp123
485471560,hatori555
485472041,
485483477,Lettynyzau
485484487,wgeggus
485487553,
485488468,velskvesigo
485503035,nurulikmah
485505948,sunghjung
485510079,jagadheesh1602
485510151,crruul
485513139,GNjhgfdGhgcc
485522414,anri0707
485524757,
485540842,92Indiragt
485541924,CorsiLuigi
485543057,Lenegleide
485545241,
485546830,badolmia
485547617,AlyshaRX
485547731,NitaNurmalasari
485548441,IQLAANE
485549138,HasaniBehar
485550780,sherynah
485551106,bambiimissyou
485553610,lilakehrig6
485567493,RFredericks2
485567908,
485569557,der_raik
485569725,musekareo
485570947,tiobbq
485571039,mr_nuzhdin
485571813,AfoxP
485573463,jeny_valter
485576833,
485583182,
485584985,RanjitRajput2
485587303,memell_meoww
485596156,fezygal
485602528,
485604643,
485617263,ameliatarallo
485617817,
485618646,yusufoliver
485619269,
485623805,
485623957,DinoBradari
485625584,cindypeeters1
485625927,GSMF12345
485628238,
485629697,m14c2
485636615,SpooFaces
485637426,Muralisaran
485638401,odessazww4s
485644389,Bensharvin
485656977,Perry_Fenwick6
485663283,kikijak1
485666409,ajvakaren
485666897,arvinalonsabe
485667950,arison_yago
485671345,angeloelian2
485685238,
485688114,
485688801,fedor_08
485689103,
485689742,
485694929,AngelBauzaQ
485698319,Postarico
485702648,habeonoj
485703410,leeleekaywoolfo
485704927,MarieMarchisio
485710663,panckanyt
485712573,AbozaidALsulami
485716860,
485717369,Firnas4ever
485719820,shop2cashin
485720041,joakin2687
485721477,Ronny_kumendak
485722397,iissaaii1
485727366,Rubenino_11
485728274,NanyAhmed6
485729485,CarolaMassa
485733428,MontMackinz
485742495,
485745898,
485749887,Allefvicto
485751376,kawealamer
485752160,the__utopia
485753319,4354946
485767633,
485768916,RaHarakhty
485771374,
485772281,marianeandrijic
485775498,commonthreadorg
485783010,PuggioniAnna
485783241,
485790816,RK_Mannemala
485791027,401339398_NM
485795465,
485799812,AfnanMuhsin
485800136,
485814964,Arsen1942
485815732,perchkiller
485820003,JBelf18
485821515,
485824676,Darius017
485824744,laurendiamond28
485824807,tim_sawyker
485825025,AshleighShirley
485826253,
485836031,vitoalbpatrimia
485838660,fahad_labirin
485844210,sylvia_kerubo
485844513,Horte941
485845430,priyagrg29
485854436,
485859448,ronalwese
485859672,nextstepPaul
485860315,FaisalNouri_
485865562,michelekaldewei
485868790,
485877950,LucasDeus09
485878183,
485879168,mcremasc
485880401,
485884291,cacaredstar
485888844,DINAHESMAIL
485891226,EunaIsabel
485891850,murat272780
485893559,SpiderAmr
485893691,boy_vinicios
485901355,CamillaAgnolett
485902288,s9uadaziz
485912415,vivifidelis_sz
485912588,TylerHolc12
485913903,
485921499,djcrivm
485925831,SudeFnrbhce
485928066,wanessacarneir2
485929569,gamdy1
485932851,
485933662,ccollage
485936677,How2LoV3
485937273,916bran
485938037,hamzafadel1
485945247,kjones609
485952256,PLGCopter1
485953030,PVennetier
485955364,TomRumble1
485955421,romariomsantos
485957515,YouncinhoJrDasi
485958488,frankiito239
485964678,Jayjay3Williams
485970177,Viih_Gatah
485970827,_Gizem_m
485975634,AndrewLamont2
485980608,rahul_dashing
485981694,MiryMalik
485981961,TonyaLWest
485983507,
485984773,LauraZatara2130
485985160,Tkziee
485985222,Stephisgrace
485985863,figor654
485986227,
485991289,
485991932,
485997869,GiulioCagnazzo1
486000720,metakomiseisgr
486004854,2012jamel
486007076,
486009078,Premier_Officia
486011799,
486013613,
486013864,MUKUBH29
486014376,xwizardlove
486020886,AtmosferaLeon
486021518,
486022103,Fernandosilvasl
486027080,
486027808,roselainecarpes
486036032,
486042840,
486043635,
486045682,
486049327,LaSignorinaMe
486051496,sumishikou
486051544,
486053324,CheekyChops11
486053956,belenaraya1
486057336,jamesmcstay2
486058379,IsmailRaziy
486061437,tariqkh786
486071634,MikeStoykoff
486072173,kenanilkan
486075311,s_andreose
486076204,Bevs50J
486077313,believe0129
486079693,Mkelly091
486085728,
486090345,AyRose55
486093007,BiancaLecefato
486094885,MaJo200O
486103425,BoevVladislav
486106085,elskedignin70
486111237,RocioJimenez65
486111238,BridgettWatts
486116272,JordiCity1
486127180,
486127244,YeroSow
486129162,Priiko
486129972,LunaShania
486137717,STAGEwsu
486141755,
486142447,daneflores81
486144267,
486147823,Flviacarolina2
486148064,GrabNOnMyZipper
486149164,Jhus_Ann
486150875,LuvAshHope
486151484,giocagiu
486155432,pippoinzaghi3
486156118,lilbrat9
486159464,FAlnjjar
486160105,R707S
486164846,__DULUX
486168586,
486169470,29Lalala
486178196,dus10barr
486179119,Camilosis
486182519,LechevalierMeri
486183986,1D_esmiadiccion
486186340,VieiraIngryd
486187360,YohanaMarlene
486188553,12Genny
486195110,
486195143,
486197996,mukhayati1
486198305,nirwana58
486199613,
486202388,Dokten
486217746,AndreaMontes23
486224670,
486225885,wakasamasinn
486226936,kazayeung
486226972,MONYBEC
486227461,j_mynear37
486227911,gs_links
486228429,shanks5957
486239038,Eliseyfklo
486242300,
486242761,layla_np
486247712,bowman_dustin
486249687,Funn_Dy
486251442,SekaliUsep
486253051,votedahaj
486257440,ccppaz
486263953,
486264111,ky2677
486265895,RodrigoLlerena
486267448,
486268391,AxlRoseLover69
486275135,
486279003,Yung_K_Ball
486279036,monterreyv
486284963,
486291537,Johnniembczp
486301413,
486302321,WildboiA
486305637,MiSpretti
486309491,Echohdzpf
486316263,cachon62
486330664,garcia8_7
486333995,
486335552,AlondraMendoz21
486342386,joao_alquati
486342724,rkeee86
486346992,
486347427,SRABIPOLARITY
486348833,aljoof6864100
486353288,ANIRUDHGARG1
486354084,
486358338,tonysuhendra1
486359570,hanna_elly
486361690,
486363313,UsakHAKAN
486364674,psys2VisUaL
486366913,
486371450,DeeJavonte
486375086,sleezom
486375190,
486382196,APIHBEDAL
486385440,
486386135,LucyyaReyesN
486386626,
486396336,eugenieflkwa
486399153,
486402448,jaikumar1977
486402484,mile23lo
486405682,ian06091984
486408389,jutawan_hartono
486412998,tomorinaaaa
486413325,Will123M
486413460,
486416084,ibarakilib
486416517,I_Sad_Nook
486419714,dartie1
486419972,sologubenko
486421361,annah_neaj18
486426807,carre_trade
486427115,JuluSiri
486427539,
486428402,IshatEswarapu
486432055,NikaDubrovets
486433708,saraatuot
486435234,ZaienQr
486436453,
486439058,laurajwillie
486444370,bettidereibc
486447230,cahya_suheryadi
486450949,mhelanie11
486452036,BraaMohammad
486453838,ConnectedFarmer
486455838,Ulrikebpoeu
486459542,ilamonros
486463810,manueltabaresbe
486463861,sagargee_
486465273,PaoloAsta
486465499,
486465567,
486465708,lacerima30
486468794,_Carrot23
486471385,Gravanti
486473066,
486473968,
486475987,wxxxxxn
486476755,
486480162,pjorten
486483543,preearch1983
486483587,Ordos77
486492119,ZAFERZafer1974
486496121,go_hill_she3a
486499883,dead_piawr
486502642,Corrinebxklg
486502716,SoraiaOliveir10
486504467,
486507991,robotizucilad
486509380,angel0836
486510264,
486512709,
486512832,EULAvers
486514555,wawedycetu
486519317,togetther1229
486521573,
486522195,eeepc290
486522828,
486523233,FionaEwart1
486525077,nora_mochi
486525231,AlavaOdalia
486528884,janielsonHDanta
486529052,debbie_tu
486529508,Kanyarut12
486532236,EdwinWit
486538995,matheoru
486547143,ShopsInTouch
486549500,JHONEDISONMDELA
486550379,Bludroide
486550516,keento316
486553534,
486554630,MotlatsiLetsela
486556607,oreon1641
486558213,anggraenihenni
486558540,Alphonso_B7
486558957,MilenaJanic
486559653,minga69_
486561189,
486561218,ortiziithoo
486567096,muhdcr7
486568036,TahTayna
486573221,ton12139
486574677,Slow__Doris
486576749,monkyvu
486576986,
486584075,
486585448,F_maradona
486593156,icpoligon
486596902,selly_arikashic
486597634,ronabondocdeliv
486599136,themm004
486602813,shefaliwaghela
486603485,
486614430,HalemKhaled
486615194,maxcachomba
486619257,MFerrreiro
486619851,Stepaniedvaxt
486620377,anna200101
486625370,
486625530,
486626171,
486629292,CERLLINO
486630203,
486635722,Sunshinekezi
486639185,oll77p7
486639861,babajabari
486642112,putra_rusdiasa
486646252,ArunMichale
486647181,ninochekheria
486650870,JacintoJoaquim
486651206,Kjb0cl
486658028,musichee
486665541,nashie2012nash
486667657,Acadeg
486675293,vababegynebuh
486676389,barshiran
486679075,ShambhuShuv
486683072,
486686060,
486686755,willianmzs
486687354,sonsonoquendo
486699715,SeferGazi0853
486700942,anto15rztamania
486702935,rafaeldario6
486709961,Lala_luisa5
486711226,JoshByrne2
486711416,
486715347,miota_mariah
486717690,AlrejaAlreja
486721260,CarraraClorinda
486723500,darkpablito
486729259,beachmoni
486735279,MeatOdolla18
486742306,NStefanyuk
486744229,ais_psig
486744347,luigiialongo
486745497,ThaSantosphd
486748009,
486748241,vergodim
486749321,going_run
486750894,floranyela1
486752560,
486752848,fredsonhamme0
486755440,
486756388,SeptemberVerron
486757658,
486760184,turko0leskro0
486761229,
486767295,juliadanielle3
486770343,xk3llix
486771910,TearDropBilly
486772020,CHERIDALI
486773776,mymymymyo
486779593,leticiacletenal
486782982,l3nowr
486792787,carlosariel56
486796247,PatRod1964
486797525,KolinYev
486800805,swaggerjacker58
486802630,denispavel1
486803102,WwRique
486805445,
486805484,
486813951,svetiss_11
486817467,518734
486818951,Morniingflower
486820687,
486822250,dahbiyahosni
486822812,
486823059,alejandrasoto96
486825151,alierolturan
486829284,tnxbt
486842793,germecin
486845807,PPi1990
486846893,inci__tanesi
486848351,
486852758,avhilmibilgin
486859936,RomanSeefeld926
486861394,NeponsitRealty
486870355,
486871933,
486872392,antonin78370
486873503,DMarrix
486877285,
486879315,
486883976,PjDoran2
486884478,ankamaria2
486887108,mich9919
486888227,_maykeul_
486893653,001wolfq
486894112,MartinoMattiell
486894651,
486905456,LeleaIlelea
486907032,sebastiand1933
486909691,UchiAlishanoglu
486913334,
486920301,
486921983,
486923716,adrianbernabeu1
486923828,gomez12c
486928506,a7la_remas
486932137,MJonesGuitar
486935359,freedomoflarry
486935757,stavr862008
486941347,
486948408,
486951844,FPTSA
486954432,jackyset
486955618,21661292
486957471,
486960435,Chemoshexe
486962842,bigoraudrey
486965905,
486970230,
486972660,calvinixd
486975260,
486977687,Da__Bomb
486979310,kolaynst
486982315,aruzyigit
486984322,ShannonStough
486993538,emmynyberg
486993984,bettyalejandra1
487000649,GustavoTjs10
487006123,JeanPierreArna1
487013390,
487013561,
487013817,nj_s99
487016536,ibonequinha_
487019939,leydiponce19
487021238,moonherminia
487023515,claudiocarmo1
487025030,
487027157,mfrancisca2011
487029022,ymkakatya
487029557,
487031808,LoVe_PiNkSaRa_C
487033336,lecuama
487040788,samuelbenkev6
487041750,luandacecilia
487044829,alfaremixio
487046674,_jose831
487051078,ElijahLedet
487058531,
487059018,amnostr
487062113,helmijouni
487062548,mityhineda
487065594,DayMarissa
487065830,PastaBluntz
487067606,LukaasAguirre
487068391,Omegatyzls
487071051,DyMxElMovimiFc
487073308,
487083343,ihb119
487087967,asceziggy
487098221,BeachReview
487102080,fizzeyudi
487102146,
487102511,boysKarinaYonke
487104198,
487105293,jessicareis48
487107658,larasoyman
487110500,
487111687,kecebongAIRN
487114386,215414623
487117251,fabioignaciogil
487118921,Thytihanna
487119605,bonchuke405
487126814,
487131910,sulton_wijaya
487133974,oscareduardohd
487144559,
487147850,moultonlawncare
487153832,
487156871,murrayhuynh
487160707,
487164209,kirakiratakano
487166143,wimnderik
487168085,eBeliebers4Ever
487182934,gutierrez_aisha
487183336,DuncanLeanne
487190449,Agsarrias
487196599,bikepitybol
487198637,
487201679,ezeturrito19
487204298,NotarioRuth
487206054,brizzy_joy
487209300,hadyjanara
487212265,kellybenitez4
487214601,Jhakyy
487222842,ball_biz
487223758,mando_magick
487224418,
487227241,ChacaIskandar
487228543,
487237557,
487241406,lioncouy
487244874,dina_ridel
487245042,yaymeeboni
487248158,Daleelizabeth86
487248481,sengilona
487253937,akashmihiran
487254284,
487259747,scuoladipinocho
487260521,mayliza6
487262486,ericowens811
487264781,
487266985,
487267385,rajat_kas
487270542,
487272121,andidarlina
487274526,FUPAHJ
487276001,
487279867,Remember_MEdia
487282385,Kaal0
487285576,
487286045,
487286198,a_yuya138
487286308,Miss_Hollyxx
487286341,davidmingaracal
487289289,My5Forever
487290232,
487294154,siqudyriri
487294316,
487295206,
487298604,2013_334
487301199,gufiwufymum
487302042,
487305040,rmag9
487305395,JeromeMackey97
487306510,JohnKayamba
487306619,
487309733,suea1956
487311286,brucebrucep
487313712,davidkasidi2
487318808,
487323312,HariKibs
487330199,BLEKK_tk
487331336,shantymsani
487332343,poonam4vision
487341171,DaniyalNajam
487344846,galang_kere
487345278,dovutuvego
487347510,
487347713,tkifilm
487347784,RO4EUROPEVALCEA
487349730,maryloucwbgv
487351151,
487351457,ashis_1986
487352856,E_Colonna
487360538,
487360789,MilkSoul1
487365528,vhidamisterjeng
487366393,mabuqa
487367539,acr0ss_universe
487369163,phrancnketia
487371610,
487373247,johnnyboo12
487374315,K1010K10
487379237,pawarashish28
487379655,tugrul_b
487380088,mawkana
487384585,Gabino_TheBoss
487396032,saenkla
487398232,OpeckOpstuns
487399021,nirupahari
487403233,zhuko2012
487409485,jpi70
487410031,
487413276,devichand997
487413834,
487414116,
487419538,AriyaPankum
487423277,
487426134,DaniDanijela52
487429506,KimJusjong
487430391,WillyDatamanage
487431320,francesss14
487435396,romeey1
487435866,
487436789,exgb224
487440544,ranaammar4
487441518,
487442556,angelaorso
487442952,permasko
487443980,
487450839,malachifrennzzy
487462430,Estefania_CM_
487462494,
487463939,manjunath410
487465532,
487468523,bahrizalSukipek
487469425,
487469684,
487469968,Anggi_bieberboy
487470167,
487472283,AdragnaNicola
487475624,RachBerry___
487476624,duawltjs77
487478020,
487478964,48pink
487487755,carlos_jericho
487488247,saowalak72
487495099,MiltonGuillory
487498133,MaishaeS
487498388,joshiv47
487500019,CFiosson
487502340,saradasilva44
487503329,nanoguinea
487507228,glenclonei
487510738,
487511053,
487513752,rakeshyellamell
487516174,
487517405,DndGrl
487517554,hariroyal1
487518782,analaurasantos8
487521047,Chinmoymaity12
487521868,
487524454,tapiow
487525242,ahadisIslamic
487527050,BurghardtD
487529801,destrade66
487530811,JoshuaxCZ
487532289,AtlasMam
487535245,NabihAmine
487536025,heikoba3
487538316,jhamrick24
487539215,
487543285,Kiatisakdi
487544366,EcoGrew
487544416,VadimPaul17
487544435,
487547435,
487547633,Stibjorn
487549699,
487550783,
487551796,bachanalist
487551965,
487562831,alexizmaylow
487564174,tom59300vafc
487566250,GillJuanita
487572143,WolfgangSchmid8
487586812,MkBaller14
487594141,DwaneF
487594247,
487601243,Enzou808
487602080,JeroRony
487602723,
487603619,Elinqwvsr
487603626,LarsSagtDanke
487608424,MilaVolodina
487616102,
487616410,Dia_rain
487616610,
487621873,anantharaj86
487624449,
487629555,Caratal43LUIS
487630478,klach5
487632029,chingsky89
487632503,
487633927,AntioquiaRugby
487635129,AAnabella15
487642463,
487647410,
487648637,viviko2288
487650233,
487652222,ranju09dungdung
487652315,luizpedro23
487652561,jfranqui19
487657292,Qzl_Caiio
487661158,mostafarashed11
487662275,AndrewAnderso49
487665804,
487667401,pradeepsahu16
487667657,kecobosorono
487672868,Wendys0509
487676531,hokuto0724
487690150,
487699891,DMixr
487703786,
487707456,
487708390,thatwasanordeal
487713694,rafaelzs
487714856,mii_kshr
487719157,danyr1654
487720749,
487720900,ruyaugurcan
487726556,kellyeche1990
487730228,thilakprasanna
487730830,LydiaPedroza
487740833,pedrish_94
487744045,humpolly
487752148,AshleeFortsch
487752762,Idania64
487758762,
487760146,cnhs1984
487760589,leodan051
487761099,35871566
487761934,PosliguaAlan
487762228,olhnikolett
487762295,
487762698,
487764857,
487766231,
487769155,RedeTVGospel
487770700,
487771350,DaanOwnedje
487775391,marcelocondori3
487779506,webastones
487781390,
487781804,
487784017,duygu921
487785128,wewerica05
487787777,
487789428,princesndegwa
487791602,khris0313
487799031,
487802575,
487805734,JohnCollins8
487813407,yudeegg777
487817663,
487821367,clara20002012
487822402,
487823117,alexmirion
487823883,Carlahb712
487830641,Chamalow333
487838146,GirlPower_OFC
487845246,Esmusti26
487845595,poppygirlies
487846623,RealPaulino
487850224,Wrunget
487853577,JosefaLpezGarca
487860407,
487861010,
487862392,Redhillobserver
487862443,kubaczajka
487865157,LulalulaRojas
487871479,michelleczop
487872054,strikerchq
487873242,ErgSengul
487874129,sachelle82
487876844,alaaeldin42
487880467,0082huso
487881865,BoseGtz
487882273,a_gobin
487883669,rana_rinad
487885055,
487887241,GZSDXGEDGCXJ
487887312,benparth
487887418,lalalalala66666
487890329,
487890638,TuGranitoAyuda
487891134,
487892501,lodi300
487896440,ZombieSniper09
487898605,
487900125,mathewlrq8d
487900682,LesiaHoyuk
487900910,
487902610,
487908124,PhoebeWik3471
487908642,locote76
487913100,AppleCityFootwe
487916054,
487916817,JustineLakeit
487918616,
487919242,SarahLiviaarah
487922701,
487923503,gillmoazzam
487929039,fayeshadov
487930236,dylan_lamar
487932488,miceskimarjan
487938607,TaylorPhilbin
487942025,MarkMccadden1
487947336,juliqf
487953559,frasesengracad2
487966052,
487966522,KoheiNonoshiri
487967377,MidoMido1963
487969330,
487969511,BuildLeanEatCln
487970605,DenisWeff123
487972378,MariiaRngLAmayA
487974910,
487975726,MAdraoui
487976890,sarahlosch
487979596,danieloneal33
487979741,aLuxAbroad
487980499,marcelofazio1
487982749,
487986912,Derek677
487988882,jasslerperea
487991902,itsmalle
488000059,sacopapas
488001659,
488010140,saskoramov
488011255,grsy68
488013324,aroman74
488014953,crippledyoda
488025327,Joceli18
488027230,
488027253,marthalilianar6
488038833,MarinCorte
488041896,JossiasLopez
488042247,CollanteA
488044083,bolkitroki
488046470,
488049429,FannyGarciacalc
488049876,Aofmix
488054257,
488055923,marian_mabi
488060743,
488061280,Gogators1976
488063157,saquorapriest
488063539,anilanice
488063936,
488064634,
488074941,
488077881,alexsanderper11
488083462,araujopamela202
488089453,juliomquuw
488092161,
488092343,diannnetr
488099655,WillFishing56
488102208,rosellemae2
488106981,
488109924,Mihastik1
488112619,nauggnes
488114190,themutemansaid
488119043,
488119536,
488120587,AbdallahAmesty
488124088,nicoleikayatien
488125450,w_djarot
488128185,FansUnisex
488129416,
488150785,MasSarah_1103
488161987,korinah08
488166340,
488169642,tomigusukucity
488169767,Nikhilraut6
488170429,iwxoproblems
488170690,milashka_fari
488172867,JonathanFer10
488177160,RamonVelizBrav1
488177295,
488181472,PTguy74
488183112,OjitozF
488185448,
488189276,apeqidyqiq
488195077,jakedelosReyes8
488199160,RaulLopezGon
488200643,vnebiyev93
488213607,cirosolaris
488216746,
488217391,petitsotto
488219008,azizahzizahzah
488221107,GhostFaceN7
488223194,
488224109,Pochi_oretoku
488226864,arydrakness
488227618,sophieggfue
488231653,Badillo_4187WNQ
488237526,gordonileane
488237728,
488248688,dr_raz
488256050,TiaraNadaSaniaY
488258281,ArunKumarS16
488262633,stev3nk
488263655,Alibaba382
488266639,RezkySyahfitri
488271540,milagrosrphb5
488272126,dqandree
488279902,
488280656,
488280729,lavyripanu
488281324,
488284583,
488285673,wecker2010
488287346,ihsankaraoglu
488290220,Bee_V_V
488291847,nnraj4u
488294246,
488300380,
488300804,lacacaquehabla
488302917,MarialuisaBurei
488303565,barkanl
488306491,BonitaApplebu10
488312163,RonaldFields2
488315271,bootraro
488315544,
488317839,yoghi158
488318120,kezmansocute
488319933,s_tiina
488322270,SuzaSpasic
488324517,cloudbarani
488326303,sangsurya49
488327088,
488329313,
488330208,marlboro0717
488332143,cobafytaja
488332660,
488333229,gtk_gkta
488336542,test20120209
488343205,FrankyTheFlyMen
488344812,399jenny
488346547,Cavalry101
488347235,whitburnbob
488351168,maha_zoom
488353196,vlwkzhffk
488353279,glen_43
488355075,yazan_sabouni
488357161,msalam2000
488358899,
488361332,kahvevakti
488361507,
488361714,
488362854,OCL5
488363288,yhobahi
488366007,ytykujo1992
488368700,Adidewakumat
488371057,NaiqiZhang
488371220,aumaru3
488376709,malankovwiraK
488376781,AngilaWEleam
488379442,AroLalayan
488380041,2hellohello
488381558,
488384388,sudy128
488390536,
488400335,ml12504
488402073,maheg142
488404129,TAsrafov
488406276,ibrowizzy
488410987,zullvkar
488411433,jsubrizi
488412292,michealmicheal4
488419983,GeishaUlmy
488422506,Gauravlohar1
488423114,
488426566,
488426591,mituamikei27
488427259,
488430297,mariaallicepere
488432297,
488440667,Marco_manage
488441452,ErmalKu
488443112,
488444317,_kaittlynnn
488446219,FAISAL_717
488447701,gabrvi
488452381,MaiteMgb
488455478,moiraconti1
488461191,johnhenrymchua
488470997,DRealMariK
488471533,
488479092,ainnurebot
488480135,walidsahyoun
488482866,
488484481,a77779643
488492637,
488495829,nbntn
488496446,
488498755,yrds48
488505440,aadkins431
488506659,SRfanBASTA
488508370,TheaterFabriek
488508675,RADJ67
488510817,
488512631,ukbusinessminds
488514537,RossellaIntegli
488518521,320240nokiax201
488519041,Srabonnoor
488519461,mensey27
488521420,zakkeyn
488525091,Misdolores12
488526155,khaerrani
488527117,isroyj
488528441,HLNHT
488531243,
488531611,
488537798,mayyow20
488538715,
488543189,
488544302,ivenhartiyasa
488545084,raviganpat20
488545304,flyintheair2005
488552779,
488552840,alma_joubert
488555787,HungIp4s
488556498,
488557331,
488557727,rahmenz1048
488562430,nicksclara
488570314,fauziaprianto1
488571274,Ricky_utama86
488578154,
488578369,Erum_Sangji
488578816,Leanoralfz
488582168,RosPerIna
488583638,
488583843,ekszhd
488590209,jurebulaja
488591298,veroaj2002
488598907,beritan20
488609847,
488610334,DloooatH
488611610,
488612824,adedejiademola1
488616196,dal_dmg
488624485,ConsueloMorenoG
488626465,SanabriaVerde
488626771,KelliTrbovich57
488631330,ekremcan_kk
488635702,crazzyndn1
488637315,waelshrabi
488637588,yosukechara_bot
488638690,proselltola
488641526,MichaelAdu4
488641810,IIBlacKBirD
488645040,TartTony
488646569,in2rogbangba
488646719,ziciwe
488649202,LuiisRodri
488653964,mauro2631
488655630,jae_kyle
488660508,suhailkhanbigB
488665079,AlessandroFlami
488669164,
488670435,
488675099,deadbunny_O
488679081,
488681349,FenghuangS
488683347,ingjuliocuevas
488695503,dilkopat111
488696517,36Fans
488696957,
488697555,
488698598,saragido
488701924,CarlaCassaife
488704636,namrachaudhry
488705048,WWEKing3
488706135,shosha512000
488709555,serdaroktar
488713101,mmzammza35
488714406,
488716794,gloria_moretti
488716949,AmberParker21
488724689,Dawidtje
488727553,JamersSilva
488729186,qyzyzajomehy
488730701,daobo84
488742552,
488750892,cgrossk
488754312,ShflyCloud1313
488754477,natandivan
488762331,FRKstudio
488764353,1633879
488768684,Thandieb3y
488769017,sharniee1144
488771777,zero4zax
488771903,wysyguwicubuk
488772293,NRSOAS4
488775757,emilyyy452
488781369,LantowJr
488782983,gismosdubois
488790142,YJEun920913
488792530,
488794642,AntolgoroO
488795642,ElisaCampoli
488796567,cyhudasa
488798538,rostomatic
488801161,GoldScope1
488804191,Yoooose
488804869,TiffanyRawson2
488805942,vilumain
488811895,thefrankfree
488815100,amy_haymes
488815529,TudorAdamsen
488824068,ChaunceyBeddo1
488830888,
488831145,arbab023
488831820,BarsandToneDC
488832708,aaron_omar1
488835481,Bassphyxiation
488839959,erolsar7
488840068,youth_4_life
488840250,charp12_
488840686,sciuparodi
488842112,nielsonxkdi
488849134,1D_lu22
488850814,mido187ever
488859675,
488862792,elainemaguire1
488863444,gra_moon
488867853,webmixgospel
488872216,amear11111
488874014,uuuabu
488874025,mabelvalenzuel3
488882648,markorlvskiy
488884874,gennapierce
488892020,
488894611,voorraadschuur
488899832,AlicynhaDanada
488900873,anonymousdude3
488901158,Chellasa85
488902485,ROSANGELARPINTO
488903089,Rafipergidulu
488907575,schinkeldaoj5
488909684,
488910545,diegodiadizo
488912309,Forgethename207
488912931,BojanBosanac
488913847,ale098_m
488914532,gabynutnut
488920431,ponpo4
488925151,AnissaBouzBouz
488929617,
488931988,VictoriaWoodwa3
488933225,Lost_Sound_Film
488936743,AlAfterDark
488937989,
488940973,
488942744,jinls0020
488942871,Sutoro_pangestu
488943309,
488944702,
488945432,
488946844,
488949495,dbchristlovesu
488949597,Dadyever38
488953750,josettevh1969
488954926,e6u4r70s3
488960127,itsme_ajesh
488960453,shaunigeorge
488963949,mariananita14
488964644,kohixodosa
488968538,
488969915,
488986284,
488987389,
488990666,AnigAloapOrtsaC
488993553,lutviahevi
488994678,
488995903,amcaggaibi
488996990,JaydieNDaytsMom
489005343,tranemq8
489007618,
489011614,
489020760,darb432
489021464,AbaddonWesker
489026255,shadayliamonae_
489027558,GeorgianneQU7W
489027562,EkaErny
489027588,
489029466,4nephi
489032315,
489036167,GTepito
489037064,CatThaty
489039372,ijarmen
489040534,anaceciliaacos1
489042515,
489045245,
489048116,YoshiyukiOrii
489048297,franciscojoe1
489062288,hanumcantiku
489063754,vkdlfpsem3
489064910,
489065157,PurcellSteffi
489075821,IvanRoms
489078440,shamly1
489078679,jargueta414
489085269,elkinsrick
489085444,S3_Annyyesuya
489089793,
489090397,trisapta17
489091191,masterjoe3000
489093192,dudster2012
489093594,
489097351,joellyryx
489098989,LewiTwitpics
489099628,
489100684,
489102184,
489102991,Luiz_DC1
489106596,
489112551,abhis36
489113993,556644332
489114984,
489115555,
489116345,ubedilahsuy
489122084,disneygirl12468
489127287,careyboyce
489136410,stavhc
489145228,henary_20052010
489145621,
489146934,Jolum2009
489153561,
489154368,
489157755,niazisami
489158796,
489160406,J7U7L7I7E
489164028,
489168232,Tibanton
489169185,ANFRAYJerome
489173541,
489176842,GamzeBani
489177767,
489180879,miyuu0717
489184196,murat40tosun
489192201,
489192413,kadexxyoeni
489196740,sheekuji
489196890,
489197237,guchings
489206607,
489209635,AnnaMRimondi
489212536,bea57_ay
489212992,AghidiAbraham
489215044,
489217229,grafikerhuseyin
489219489,Hariprasathrag1
489224608,confirmguys
489224876,Jamesdaoust
489230413,HelvioGrili
489235588,naseemharis
489237340,
489249416,Dk_iitbhu
489252524,RaviBaranwal
489254515,prachimahajan21
489261312,marchesa1
489271149,FitriaFitr
489271907,MarinaSakalova
489272688,AzkaShasha
489274419,opie_77
489278107,juules60
489279684,AVIV55
489280258,janetrusian
489281366,T9w27
489283732,
489284891,
489288420,rajukanhangad
489293026,LucyllaMaria
489294955,
489295234,asaadkanwat
489295850,
489296725,AnilArvind
489300952,frogzy1
489308919,sharpe1721
489309043,Joannav156
489310315,LoosliJohannArm
489312091,acersinx
489312611,josexulo2
489312712,Keishin731
489314700,SebCotton1
489315266,MiriG4
489318210,luisgvalenciano
489321040,Annem248
489323055,
489327969,SevilaySibil
489330304,
489331586,kennotski
489336525,pmn8
489337550,
489342710,padron_monica
489347766,
489349263,pshkitty
489353757,comidipegad
489354036,nerissaknfg
489357579,
489358935,GazAsti
489363347,tkdgirl15
489366238,fanisalmern
489367442,BarchiBane
489371143,mitchell_nic
489373346,ts_drops
489379361,cngrclass
489380325,archubittu
489380573,JosArmando20
489381573,gibson2501
489384870,cathydavies3
489385475,kbrakaraduman
489385660,SamuelSpfc2011
489386486,
489394131,dianamagdalenaa
489394642,
489394823,
489400311,WenelW
489402274,
489407102,ezgi_selda
489408500,ErenGrenin
489413176,anishishamm
489415701,
489418699,iForeverAlone1
489419234,eoisama_7292000
489422279,
489423046,
489425173,jhonathan1959
489429408,danielle_lee_30
489429550,elrrabioso05
489429931,SandMamou
489431747,MoOony36
489436397,botak_kkk1
489436724,dree60
489441848,
489442230,
489447829,zainab_faiq
489449173,sirlanesbc
489463786,AknOrhanKeskin
489463898,YiyiJq
489471918,janenewrgbz
489473038,HmMelike
489476267,wufunugiga
489478183,adamroma1
489479080,TianaMFiler
489485130,KatulistiwaYah
489486590,ranjani42
489488380,
489490379,
489492437,Utt18
489492892,
489494314,Mylenej942
489494320,
489503292,_HighRoller03
489515380,
489516778,BaluskaQ
489518847,
489519413,joy_thacker
489519888,2312Nagarajan
489521517,guiks19
489526550,Dinesh4393
489528659,
489531543,Mikael0207
489534103,valeterliz
489534386,
489539131,curvesincamo
489539390,ftz19920604love
489539577,rolaiabsvdj
489540306,emrememi3
489542977,bnsrivastava1
489543213,
489550370,Audeob2498
489554581,leedongbin12597
489556032,pkalb_94
489560209,djumas1
489560440,Louxx9789
489561653,khanismailkhan
489561724,Jesus17servin
489565502,jailton_da
489568358,
489573477,
489578942,ayasaad7
489581107,cox_erica
489581605,MellissaAllessi
489583728,craazybitchh_
489588021,skyebellingham
489589289,
489593533,SIMONENIOSI
489593764,kadesnation
489603051,Darinka_1111
489603306,
489607940,DUNENGARINOV
489612454,NKE_RTK_HOK
489615347,clleynhaabsluta
489615397,
489620359,whitechocomk
489620883,
489625630,
489626191,lizsarminoski
489626202,eminatak2
489627377,skylarkcyj
489628315,
489628873,ezvezdyonline
489628961,tesim1
489630832,
489631933,dg_shm
489632504,
489632828,Yassinetd1859
489634667,ruchemo
489635510,PetiteNah_06
489635939,RiadhChahbani
489636467,MaraRp40
489637512,camibrown13
489650304,
489651030,TrevorStenson
489651235,
489653695,leftcoastminded
489661578,blakebuell1
489667436,AreggroupA
489667641,RyanMellion
489669714,alcoptan1
489673862,
489674448,
489674652,
489674944,zeehra1
489675619,liiilliiiiii
489675960,Marta_Pornostar
489677432,AnnaGruzdeva
489677916,mskhan58
489680180,Brigidoduran
489681920,
489687107,julyo_castro
489690171,
489691968,donbebsdon
489692289,_amandiine62
489693518,wazxcf
489696676,
489697986,GabrielCorrea99
489702121,vickob9912
489709972,ily_kendall
489710695,daria1962
489713137,andreitam13
489714314,MarziaProdi
489715705,Casta2988
489721579,tamarikkia
489723978,Viiton_OPS
489725720,EstefaniaO9
489731196,selshnylmz
489737065,
489739291,babijeton
489741845,mbortenschlager
489748086,
489752423,
489753472,khaled_gh13
489753528,radioang33
489758363,Roni_Zavala
489758374,NachoPanadero
489759052,lucabobbo
489760350,ilikelmfaoG
489760874,
489762637,PluxiR
489765427,BARJNEEF
489768791,Julysangel87
489770682,datauuun
489773598,
489773975,Btw_imaOg
489776955,7a10_Oficial
489780327,michaelbabe
489781055,Irchy94
489782460,
489782828,
489783438,Sherbet_6901FNB
489788251,yahyanat
489790234,majdi901
489791350,mohammedosama35
489792233,mhatweets
489793255,woodwerthlwvl
489798170,lucia8542
489799760,al6uainain
489801627,BorraAngelo
489806277,zadarbg
489810387,Razor_ly
489810610,
489812002,
489825188,
489829135,martinmore98
489829879,
489830210,MandatoryTwit
489831018,
489831866,
489832542,raptor19791
489834294,
489835312,
489835905,catlovez
489836499,The_Mama_Bird
489839648,fenderguy4life
489841297,
489844595,
489848781,
489849378,kiethowmqe
489852097,747_ocean
489857349,
489864195,
489864219,minatoseinenkai
489864321,ThatNerdJosh
489864323,_Thatyara
489864782,
489872597,
489874323,
489877138,meiisymey
489877328,
489879107,komsco
489879238,
489880127,Upik_aja
489882156,princerodrigue3
489888579,
489890216,maltcamp
489891088,
489892020,MellitiWalid
489893561,bieleusoutop
489897887,mayaracleverson
489898858,mary8juan
489899833,
489906473,THERESAMCCOY3
489907515,skunklet1771
489908707,LuisAlonsoMagos
489914622,pinelo_456
489916796,razmmal
489922066,shelleyhines11
489923677,PrideAlas
489924421,KenyonBen
489927644,petersonfred84
489933891,milforddyrqzi
489934208,AlineSIlveira25
489935543,
489936483,kelceeleighh
489940082,
489942623,JohMallari
489942936,williamwilloug2
489944910,queeniexfipa
489948084,dldnsjwn76
489951578,huchuyhawka
489953135,askdlfjf
489960895,AJAYRAJ49
489962997,
489963810,kyaramegu
489969349,
489974830,KarlosRaffio
489977924,maina5757
489978809,jhonfredycarde1
489980810,TweetMotiv
489982538,
489986319,zuwodosolo
489986874,tinaluvgod
489988126,RTickles_
489989222,GrattanStephens
489991585,reallysaragomez
489998426,merwisafghan
490000845,ChennettaK
490009803,
490013725,SamanthaJwhr
490017526,
490023202,NoeliaLizamaAr1
490024710,951188
490026987,CanineSudsAndGo
490030031,_zapotec
490034100,NBrougham
490034496,famar32
490035186,ASWINTHUNDER
490052541,sherryd73
490055159,amammer2006
490056529,
490058387,ajpajic
490058721,
490061215,HerdiansyahAldi
490062666,Jkt48Ochi
490064772,YaneidyAlejadra
490070077,aleliih
490076314,
490079961,minecraftchick1
490088260,teezy078
490088415,Donut_1999
490092684,rosabiamichael
490097994,u_genie_
490101986,
490103849,kragtmsk_1213
490121377,
490124953,
490125311,
490134040,
490138364,
490142578,mervebalk7
490147647,
490150473,CovaBiru
490150953,irvingbeatrisa
490151023,arisa_1201
490157243,iamboocmyline
490161502,MadhuPereira
490161890,seyhun62
490163689,atiqemalik
490166589,YUSUFGNE25
490167016,fettahelwazzani
490169146,gefremaxun
490171022,elviyana4
490174346,MandyWilliams30
490176559,
490179386,hasancuyudur
490183873,tommy_cahya
490185358,Koka974
490186464,OYEZT
490195815,lunutylado
490197965,djatjreo_207
490198161,p_talari
490200056,McguireDiane
490203390,RasheedWolf
490205820,Ahikaaaaaa
490205828,raqueelaguilar
490208626,StrongHashim
490209965,Ry_Brewer
490214578,karel1933
490219333,superpetfriends
490219407,mochdanielata
490227816,ceco_cetinkaya
490229450,BAC_Billy
490230784,
490231441,SusanneBielenbe
490237628,pdrob78
490238464,cschandraatp11
490248442,jonricdacuma1
490249762,MuhIrsadm95
490254264,LesomVpole
490254449,bosumyqic
490261478,bw_tony
490264050,888ahg9
490266245,didiedien
490269626,Berkay_cnc
490272082,reyadhannoun
490272888,rennicom
490277330,fani_nafa
490278167,mqqqm111
490278679,
490289445,Nfs_budiviskara
490294555,m_r744
490297820,regi_maciel
490299043,misha3m
490299667,kutor5555
490299718,joanneegfhf
490313283,Joy4eto
490314835,JejaMarkovic
490316846,Mingeelovely
490325383,Chemunk01
490327177,baconlover000
490329745,
490330187,Beregoth_
490338765,
490344790,SDingens
490346215,GRIVEL_USHIHA
490350724,9Fredrik
490351344,
490353762,
490357159,
490358547,fglandells
490359492,amyjynu
490366682,
490367468,
490368948,AngelaSlade1
490371997,siml2040
490374960,
490382455,
490385480,ashley_herrin
490390443,tobia19
490398506,Mastodontico_DX
490398987,MelodyMorr1123
490399186,VickySantacroce
490401365,endrit01
490404706,anita_1310
490407815,seeambrosio
490410316,VestaSchofell33
490411684,katiepat1
490418444,CelalMahmutolu1
490435647,belierbarna
490437595,
490447221,
490448207,emillidossanto2
490449250,mezo0o_
490456279,
490465278,SaschaPlum
490467837,Koos4ktfm
490468017,
490468681,gebukybujomy
490476464,enricaterzi
490477318,
490478658,ludyKL
490479935,tijaLimited
490482788,
490483846,DanielObeid2011
490484390,
490490002,zulito2
490495602,
490497109,LudoMontaut
490500182,AnaLihma
490503712,
490504945,DouglasHeiser
490506497,dave_wright13
490506858,Renataemalu
490507632,amacca_07
490509567,lolipedro